aatrox,[50]
ahri,[35]
akali,[65]
alistar,[33]
amumu,[56]
anivia,[14]
annie,[12]
aphelios,[16]
ashe,[25]
aurelion sol,[0]
azir,[16]
bard,[38]
blitzcrank,[13]
brand,[99]
braum,[25]
caitlyn,[19]
camille,[36]
cassiopeia,[10]
cho'gath,[6]
corki,[13]
darius,[24]
diana,[11]
dr. mundo,[30]
draven,[32]
ekko,[20]
elise,[14]
evelynn,[4]
ezreal,[46]
fiddlesticks,[216]
fiora,[8]
fizz,[22]
galio,[50]
gangplank,[14]
garen,[56]
gnar,[26]
gragas,[45]
graves,[93]
hecarim,[4]
heimerdinger,[39]
illaoi,[13]
irelia,[35]
ivern,[30]
janna,[22]
jarvan iv,[17]
jax,[23]
jayce,[20]
jhin,[54]
jinx,[36]
kai'sa,[46]
kalista,[21]
karma,[8]
karthus,[12]
kassadin,[33]
katarina,[12]
kayle,[13]
kayn,[15]
kennen,[16]
kha'zix,[7]
kindred,[11]
kled,[14]
kog'maw,[13]
leblanc,[36]
lee sin,[11]
leona,[16]
lissandra,[35]
lucian,[46]
lulu,[15]
lux,[72]
malphite,[40]
malzahar,[13]
maokai,[23]
master yi,[0]
miss fortune,[6]
mordekaiser,[40]
morgana,[15]
nami,[11]
nasus,[71]
nautilus,[18]
neeko,[28]
nidalee,[22]
nocturne,[26]
nunu and willump,[31]
olaf,[26]
orianna,[15]
ornn,[14]
pantheon,[20]
poppy,[27]
pyke,[50]
qiyana,[24]
quinn,[6]
rakan,[29]
rammus,[6]
rek'sai,[15]
renekton,[21]
rengar,[17]
riven,[45]
rumble,[15]
ryze,[73]
sejuani,[32]
senna,[11]
sett,[17]
shaco,[30]
shen,[22]
shyvana,[11]
singed,[30]
sion,[67]
sivir,[22]
skarner,[88]
sona,[13]
soraka,[19]
swain,[27]
sylas,[37]
syndra,[30]
tahm kench,[20]
taliyah,[20]
talon,[17]
taric,[21]
teemo,[111]
thresh,[57]
tristana,[23]
trundle,[10]
tryndamere,[15]
twisted fate,[21]
twitch,[215]
udyr,[8]
urgot,[59]
varus,[40]
vayne,[84]
veigar,[26]
vel'koz,[12]
vi,[28]
viktor,[26]
vladimir,[9]
volibear,[3]
warwick,[34]
wukong,[8]
xayah,[45]
xerath,[19]
xin zhao,[6]
yasuo,[168]
yorick,[6]
yuumi,[37]
zac,[20]
zed,[28]
ziggs,[9]
zilean,[56]
zoe,[47]
zyra,[13]
